Χρόνος δειγματοληψίας t (sec),Σήμα διέγερσης Vin (V),Λαμβανόμενο σήμα Vout (V)
0.00E+00,0.32,0.248
2.00E-06,0.32,0.28
4.00E-06,0.4,0.336
6.00E-06,0.48,0.376
8.00E-06,0.56,0.44
1.00E-05,0.64,0.488
1.20E-05,0.64,0.536
1.40E-05,0.64,0.576
1.60E-05,0.8,0.608
1.80E-05,0.8,0.616
2.00E-05,0.96,0.608
2.20E-05,0.88,0.528
2.40E-05,0.96,0.328
2.60E-05,1.12,0.176
2.80E-05,1.12,0.096
3.00E-05,1.28,0.072
3.20E-05,1.2,0.064
3.40E-05,1.36,0.056
3.60E-05,1.36,0.056
3.80E-05,1.44,0.048
4.00E-05,1.52,0.056
4.20E-05,1.52,0.056
4.40E-05,1.6,0.048
4.60E-05,1.68,0.048
4.80E-05,1.76,0.048
5.00E-05,1.84,0.048
5.20E-05,1.92,0.048
5.40E-05,1.92,0.048
5.60E-05,2,0.048
5.80E-05,2,0.048
6.00E-05,2.16,0.048
6.20E-05,2.08,0.048
6.40E-05,2.24,0.048
6.60E-05,2.24,0.048
6.80E-05,2.24,0.048
7.00E-05,2.4,0.048
7.20E-05,2.4,0.04
7.40E-05,2.48,0.048
7.60E-05,2.56,0.048
7.80E-05,2.64,0.048
8.00E-05,2.64,0.048
8.20E-05,2.72,0.04
8.40E-05,2.72,0.04
8.60E-05,2.8,0.048
8.80E-05,2.88,0.048
9.00E-05,2.88,0.048
9.20E-05,2.96,0.04
9.40E-05,3.04,0.04
9.60E-05,3.04,0.04
9.80E-05,3.12,0.04
1.00E-04,3.12,0.048
1.02E-04,3.12,0.04
1.04E-04,3.28,0.04
1.06E-04,3.28,0.04
1.08E-04,3.36,0.04
1.10E-04,3.44,0.04
1.12E-04,3.44,0.04
1.14E-04,3.52,0.032
1.16E-04,3.52,0.04
1.18E-04,3.52,0.04
1.20E-04,3.6,0.04
1.22E-04,3.68,0.04
1.24E-04,3.76,0.04
1.26E-04,3.76,0.04
1.28E-04,3.84,0.032
1.30E-04,3.84,0.04
1.32E-04,3.84,0.04
1.34E-04,3.92,0.048
1.36E-04,4,0.032
1.38E-04,4,0.032
1.40E-04,4.08,0.04
1.42E-04,4.08,0.04
1.44E-04,4.16,0.04
1.46E-04,4.16,0.032
1.48E-04,4.24,0.04
1.50E-04,4.24,0.032
1.52E-04,4.32,0.032
1.54E-04,4.32,0.032
1.56E-04,4.4,0.032
1.58E-04,4.4,0.032
1.60E-04,4.4,0.04
1.62E-04,4.48,0.032
1.64E-04,4.48,0.032
1.66E-04,4.48,0.032
1.68E-04,4.56,0.024
1.70E-04,4.56,0.032
1.72E-04,4.56,0.032
1.74E-04,4.64,0.032
1.76E-04,4.64,0.032
1.78E-04,4.64,0.032
1.80E-04,4.64,0.032
1.82E-04,4.72,0.032
1.84E-04,4.72,0.024
1.86E-04,4.72,0.024
1.88E-04,4.8,0.024
1.90E-04,4.8,0.024
1.92E-04,4.8,0.024
1.94E-04,4.8,0.024
1.96E-04,4.88,0.024
1.98E-04,4.88,0.024
2.00E-04,4.88,0.024
2.02E-04,4.96,0.032
2.04E-04,4.88,0.032
2.06E-04,4.96,0.024
2.08E-04,4.96,0.024
2.10E-04,4.96,0.024
2.12E-04,4.96,0.016
2.14E-04,5.04,0.024
2.16E-04,5.12,0.016
2.18E-04,5.04,0.024
2.20E-04,5.12,0.016
2.22E-04,5.04,0.024
2.24E-04,5.04,0.024
2.26E-04,5.04,0.016
2.28E-04,5.04,0.024
2.30E-04,5.12,0.016
2.32E-04,5.12,0.016
2.34E-04,5.12,0.024
2.36E-04,5.12,0.016
2.38E-04,5.12,0.016
2.40E-04,5.2,0.008
2.42E-04,5.12,0.008
2.44E-04,5.12,0.016
2.46E-04,5.12,0.016
2.48E-04,5.12,0.016
2.50E-04,5.12,0.016
2.52E-04,5.2,0.016
2.54E-04,5.12,0.016
2.56E-04,5.12,0.016
2.58E-04,5.12,0.016
2.60E-04,5.12,0.016
2.62E-04,5.12,0.016
2.64E-04,5.12,0.016
2.66E-04,5.04,0.016
2.68E-04,5.12,0.016
2.70E-04,5.04,0.008
2.72E-04,5.04,0.008
2.74E-04,5.04,0.008
2.76E-04,5.04,0.008
2.78E-04,5.04,0.016
2.80E-04,5.04,0.008
2.82E-04,4.96,0.008
2.84E-04,5.04,0.016
2.86E-04,4.96,0.008
2.88E-04,4.96,0.008
2.90E-04,4.96,0.008
2.92E-04,4.96,0.008
2.94E-04,4.88,0.016
2.96E-04,4.88,0.008
2.98E-04,4.88,0.008
3.00E-04,4.88,0.008
3.02E-04,4.8,0.008
3.04E-04,4.8,0.008
3.06E-04,4.8,0.008
3.08E-04,4.8,0
3.10E-04,4.72,0.008
3.12E-04,4.72,0.008
3.14E-04,4.72,0
3.16E-04,4.64,0.008
3.18E-04,4.64,0.008
3.20E-04,4.56,0
3.22E-04,4.56,0
3.24E-04,4.56,0
3.26E-04,4.56,0
3.28E-04,4.48,0
3.30E-04,4.48,0
3.32E-04,4.4,0
3.34E-04,4.48,0
3.36E-04,4.48,0
3.38E-04,4.4,0
3.40E-04,4.32,0
3.42E-04,4.24,0
3.44E-04,4.24,0
3.46E-04,4.24,0
3.48E-04,4.16,0
3.50E-04,4.16,0
3.52E-04,4.08,0.008
3.54E-04,4,-0.008
3.56E-04,4,0
3.58E-04,4,0
3.60E-04,3.92,0
3.62E-04,3.92,-0.008
3.64E-04,3.84,-0.008
3.66E-04,3.84,-0.008
3.68E-04,3.76,-0.008
3.70E-04,3.76,-0.008
3.72E-04,3.76,-0.008
3.74E-04,3.6,-0.008
3.76E-04,3.6,-0.008
3.78E-04,3.52,-0.008
3.80E-04,3.52,-0.016
3.82E-04,3.44,-0.008
3.84E-04,3.36,-0.008
3.86E-04,3.36,-0.008
3.88E-04,3.28,-0.008
3.90E-04,3.28,-0.008
3.92E-04,3.12,-0.008
3.94E-04,3.12,-0.008
3.96E-04,3.12,-0.008
3.98E-04,3.04,-0.016
4.00E-04,3.04,-0.008
4.02E-04,2.96,-0.016
4.04E-04,2.96,-0.016
4.06E-04,2.88,-0.016
4.08E-04,2.88,-0.016
4.10E-04,2.8,-0.008
4.12E-04,2.72,-0.016
4.14E-04,2.64,-0.016
4.16E-04,2.64,-0.016
4.18E-04,2.56,-0.016
4.20E-04,2.48,-0.008
4.22E-04,2.4,-0.008
4.24E-04,2.4,-0.016
4.26E-04,2.32,-0.016
4.28E-04,2.24,-0.016
4.30E-04,2.24,-0.008
4.32E-04,2.08,-0.016
4.34E-04,2.16,-0.016
4.36E-04,2,-0.016
4.38E-04,1.92,-0.016
4.40E-04,2,-0.008
4.42E-04,1.92,-0.016
4.44E-04,1.84,-0.016
4.46E-04,1.76,-0.016
4.48E-04,1.76,-0.016
4.50E-04,1.6,-0.016
4.52E-04,1.6,-0.016
4.54E-04,1.52,-0.016
4.56E-04,1.44,-0.016
4.58E-04,1.44,-0.008
4.60E-04,1.36,-0.016
4.62E-04,1.28,-0.016
4.64E-04,1.2,-0.016
4.66E-04,1.2,-0.016
4.68E-04,1.12,-0.016
4.70E-04,1.04,-0.016
4.72E-04,0.96,-0.024
4.74E-04,0.88,-0.016
4.76E-04,0.8,-0.016
4.78E-04,0.8,-0.016
4.80E-04,0.72,-0.024
4.82E-04,0.64,-0.024
4.84E-04,0.56,-0.024
4.86E-04,0.56,-0.024
4.88E-04,0.48,-0.024
4.90E-04,0.4,-0.032
4.92E-04,0.32,-0.04
4.94E-04,0.32,-0.056
4.96E-04,0.24,-0.088
4.98E-04,0.16,-0.112
5.00E-04,0.16,-0.168
5.02E-04,0.08,-0.208
5.04E-04,0,-0.256
5.06E-04,-0.08,-0.312
5.08E-04,-0.16,-0.36
5.10E-04,-0.24,-0.408
5.12E-04,-0.24,-0.472
5.14E-04,-0.32,-0.52
5.16E-04,-0.32,-0.544
5.18E-04,-0.48,-0.568
5.20E-04,-0.56,-0.584
5.22E-04,-0.56,-0.576
5.24E-04,-0.64,-0.528
5.26E-04,-0.64,-0.304
5.28E-04,-0.72,-0.152
5.30E-04,-0.8,-0.08
5.32E-04,-0.8,-0.04
5.34E-04,-0.96,-0.024
5.36E-04,-1.04,-0.024
5.38E-04,-1.04,-0.016
5.40E-04,-1.12,-0.016
5.42E-04,-1.2,-0.016
5.44E-04,-1.2,-0.016
5.46E-04,-1.2,-0.016
5.48E-04,-1.36,-0.008
5.50E-04,-1.44,-0.016
5.52E-04,-1.44,-0.008
5.54E-04,-1.52,-0.016
5.56E-04,-1.6,-0.016
5.58E-04,-1.6,-0.016
5.60E-04,-1.68,-0.008
5.62E-04,-1.76,-0.016
5.64E-04,-1.84,-0.016
5.66E-04,-1.92,-0.016
5.68E-04,-1.92,-0.016
5.70E-04,-2,-0.016
5.72E-04,-2.08,-0.008
5.74E-04,-2.08,-0.016
5.76E-04,-2.24,-0.008
5.78E-04,-2.24,-0.008
5.80E-04,-2.32,-0.008
5.82E-04,-2.32,-0.008
5.84E-04,-2.32,-0.016
5.86E-04,-2.48,-0.008
5.88E-04,-2.48,-0.016
5.90E-04,-2.56,-0.008
5.92E-04,-2.56,-0.016
5.94E-04,-2.72,-0.016
5.96E-04,-2.72,-0.008
5.98E-04,-2.72,-0.016
6.00E-04,-2.8,-0.008
6.02E-04,-2.8,0
6.04E-04,-2.96,-0.008
6.06E-04,-2.88,-0.008
6.08E-04,-2.96,-0.008
6.10E-04,-3.04,-0.008
6.12E-04,-3.12,-0.008
6.14E-04,-3.12,0
6.16E-04,-3.12,-0.008
6.18E-04,-3.2,-0.008
6.20E-04,-3.28,0
6.22E-04,-3.28,-0.008
6.24E-04,-3.36,0
6.26E-04,-3.36,-0.008
6.28E-04,-3.44,-0.008
6.30E-04,-3.52,-0.008
6.32E-04,-3.52,-0.008
6.34E-04,-3.6,-0.008
6.36E-04,-3.6,-0.008
6.38E-04,-3.68,0
6.40E-04,-3.68,0
6.42E-04,-3.76,0
6.44E-04,-3.76,0
6.46E-04,-3.84,0
6.48E-04,-3.84,0.008
6.50E-04,-3.92,0
6.52E-04,-3.92,-0.008
6.54E-04,-3.92,-0.008
6.56E-04,-4,0
6.58E-04,-4.08,-0.008
6.60E-04,-4.08,0
6.62E-04,-4.08,0
6.64E-04,-4.16,0
6.66E-04,-4.16,-0.008
6.68E-04,-4.24,0
6.70E-04,-4.24,0.008
6.72E-04,-4.24,0
6.74E-04,-4.24,0
6.76E-04,-4.32,0.008
6.78E-04,-4.32,0.008
6.80E-04,-4.32,0.008
6.82E-04,-4.4,0.008
6.84E-04,-4.32,0.008
6.86E-04,-4.4,0
6.88E-04,-4.48,0.016
6.90E-04,-4.4,0
6.92E-04,-4.48,0.008
6.94E-04,-4.48,0.008
6.96E-04,-4.48,0.008
6.98E-04,-4.56,0.008
7.00E-04,-4.56,0.016
7.02E-04,-4.56,0.008
7.04E-04,-4.64,0.008
7.06E-04,-4.64,0
7.08E-04,-4.64,0.008
7.10E-04,-4.64,0.008
7.12E-04,-4.72,0.008
7.14E-04,-4.64,0.008
7.16E-04,-4.64,0.008
7.18E-04,-4.64,0.008
7.20E-04,-4.72,0.008
7.22E-04,-4.72,0.016
7.24E-04,-4.8,0.016
7.26E-04,-4.64,0.016
7.28E-04,-4.72,0.016
7.30E-04,-4.72,0.008
7.32E-04,-4.8,0.016
7.34E-04,-4.72,0.008
7.36E-04,-4.72,0.016
7.38E-04,-4.72,0.016
7.40E-04,-4.8,0.016
7.42E-04,-4.8,0.016
7.44E-04,-4.8,0.016
7.46E-04,-4.8,0.016
7.48E-04,-4.8,0.016
7.50E-04,-4.8,0.016
7.52E-04,-4.8,0.016
7.54E-04,-4.8,0.024
7.56E-04,-4.8,0.024
7.58E-04,-4.8,0.016
7.60E-04,-4.8,0.016
7.62E-04,-4.8,0.024
7.64E-04,-4.72,0.016
7.66E-04,-4.72,0.016
7.68E-04,-4.72,0.016
7.70E-04,-4.72,0.024
7.72E-04,-4.72,0.024
7.74E-04,-4.72,0.024
7.76E-04,-4.72,0.024
7.78E-04,-4.72,0.024
7.80E-04,-4.64,0.024
7.82E-04,-4.64,0.024
7.84E-04,-4.64,0.032
7.86E-04,-4.64,0.024
7.88E-04,-4.56,0.024
7.90E-04,-4.56,0.024
7.92E-04,-4.56,0.024
7.94E-04,-4.56,0.024
7.96E-04,-4.56,0.024
7.98E-04,-4.48,0.024
8.00E-04,-4.48,0.032
8.02E-04,-4.56,0.024
8.04E-04,-4.48,0.032
8.06E-04,-4.48,0.032
8.08E-04,-4.48,0.024
8.10E-04,-4.4,0.024
8.12E-04,-4.4,0.032
8.14E-04,-4.4,0.032
8.16E-04,-4.32,0.024
8.18E-04,-4.32,0.032
8.20E-04,-4.32,0.032
8.22E-04,-4.24,0.032
8.24E-04,-4.24,0.032
8.26E-04,-4.16,0.04
8.28E-04,-4.16,0.032
8.30E-04,-4.16,0.032
8.32E-04,-4.16,0.032
8.34E-04,-4.08,0.032
8.36E-04,-4.08,0.032
8.38E-04,-4,0.032
8.40E-04,-4,0.032
8.42E-04,-3.92,0.032
8.44E-04,-3.84,0.032
8.46E-04,-3.84,0.032
8.48E-04,-3.84,0.032
8.50E-04,-3.76,0.032
8.52E-04,-3.76,0.032
8.54E-04,-3.68,0.04
8.56E-04,-3.6,0.04
8.58E-04,-3.68,0.04
8.60E-04,-3.52,0.04
8.62E-04,-3.52,0.032
8.64E-04,-3.52,0.04
8.66E-04,-3.44,0.04
8.68E-04,-3.44,0.04
8.70E-04,-3.36,0.048
8.72E-04,-3.36,0.032
8.74E-04,-3.28,0.04
8.76E-04,-3.2,0.04
8.78E-04,-3.2,0.04
8.80E-04,-3.12,0.04
8.82E-04,-3.12,0.04
8.84E-04,-3.04,0.04
8.86E-04,-2.96,0.048
8.88E-04,-2.96,0.048
8.90E-04,-2.96,0.04
8.92E-04,-2.8,0.04
8.94E-04,-2.88,0.04
8.96E-04,-2.8,0.048
8.98E-04,-2.8,0.04
9.00E-04,-2.72,0.048
9.02E-04,-2.56,0.048
9.04E-04,-2.56,0.048
9.06E-04,-2.56,0.048
9.08E-04,-2.4,0.048
9.10E-04,-2.48,0.048
9.12E-04,-2.4,0.04
9.14E-04,-2.32,0.048
9.16E-04,-2.24,0.04
9.18E-04,-2.16,0.04
9.20E-04,-2.16,0.048
9.22E-04,-2.08,0.048
9.24E-04,-2,0.04
9.26E-04,-1.92,0.048
9.28E-04,-1.84,0.048
9.30E-04,-1.84,0.048
9.32E-04,-1.76,0.048
9.34E-04,-1.68,0.04
9.36E-04,-1.68,0.056
9.38E-04,-1.52,0.048
9.40E-04,-1.6,0.048
9.42E-04,-1.44,0.048
9.44E-04,-1.44,0.048
9.46E-04,-1.28,0.056
9.48E-04,-1.28,0.048
9.50E-04,-1.28,0.048
9.52E-04,-1.12,0.048
9.54E-04,-1.12,0.048
9.56E-04,-1.12,0.056
9.58E-04,-1.04,0.056
9.60E-04,-0.96,0.048
9.62E-04,-0.88,0.048
9.64E-04,-0.8,0.056
9.66E-04,-0.72,0.056
9.68E-04,-0.64,0.056
9.70E-04,-0.64,0.048
9.72E-04,-0.56,0.048
9.74E-04,-0.56,0.056
9.76E-04,-0.48,0.048
9.78E-04,-0.48,0.056
9.80E-04,-0.4,0.064
9.82E-04,-0.24,0.064
9.84E-04,-0.24,0.064
9.86E-04,-0.24,0.072
9.88E-04,-0.16,0.072
9.90E-04,-0.08,0.08
9.92E-04,0,0.104
9.94E-04,0.08,0.136
9.96E-04,0.16,0.16
9.98E-04,0.24,0.2
1.00E-03,0.24,0.24
1.00E-03,0.4,0.28
1.00E-03,0.48,0.328
1.01E-03,0.48,0.384
1.01E-03,0.56,0.44
1.01E-03,0.56,0.488
1.01E-03,0.56,0.536
1.01E-03,0.72,0.576
1.02E-03,0.72,0.608
1.02E-03,0.88,0.624
1.02E-03,0.88,0.616
1.02E-03,0.96,0.528
1.02E-03,0.96,0.336
1.03E-03,1.12,0.176
1.03E-03,1.2,0.096
1.03E-03,1.2,0.072
1.03E-03,1.28,0.056
1.03E-03,1.28,0.056
1.04E-03,1.36,0.048
1.04E-03,1.44,0.056
1.04E-03,1.52,0.048
1.04E-03,1.6,0.048
1.04E-03,1.68,0.048
1.05E-03,1.68,0.048
1.05E-03,1.76,0.048
1.05E-03,1.84,0.048
1.05E-03,1.84,0.048
1.05E-03,1.92,0.048
1.06E-03,2,0.048
1.06E-03,2,0.04
1.06E-03,2.08,0.04
1.06E-03,2.16,0.048
1.06E-03,2.16,0.048
1.07E-03,2.32,0.048
1.07E-03,2.24,0.048
1.07E-03,2.32,0.04
1.07E-03,2.4,0.056
1.07E-03,2.48,0.04
1.08E-03,2.56,0.048
1.08E-03,2.56,0.048
1.08E-03,2.64,0.048
1.08E-03,2.72,0.04
1.08E-03,2.72,0.048
1.09E-03,2.8,0.048
1.09E-03,2.8,0.032
1.09E-03,2.96,0.048
1.09E-03,2.88,0.048
1.09E-03,3.04,0.048
1.10E-03,3.04,0.04
1.10E-03,3.12,0.04
1.10E-03,3.12,0.04
1.10E-03,3.2,0.048
1.10E-03,3.28,0.04
1.11E-03,3.36,0.04
1.11E-03,3.36,0.04
1.11E-03,3.36,0.04
1.11E-03,3.44,0.032
1.11E-03,3.44,0.04
1.12E-03,3.52,0.04
1.12E-03,3.6,0.04
1.12E-03,3.68,0.04
1.12E-03,3.68,0.04
1.12E-03,3.68,0.04
1.13E-03,3.76,0.04
1.13E-03,3.76,0.04
1.13E-03,3.84,0.032
1.13E-03,3.84,0.032
1.13E-03,3.92,0.04
1.14E-03,4,0.032
1.14E-03,4,0.04
1.14E-03,4,0.04
1.14E-03,4.08,0.032
1.14E-03,4.16,0.04
1.15E-03,4.16,0.032
1.15E-03,4.16,0.04
1.15E-03,4.24,0.04
1.15E-03,4.32,0.032
1.15E-03,4.32,0.032
1.16E-03,4.32,0.032
1.16E-03,4.32,0.032
1.16E-03,4.48,0.032
1.16E-03,4.48,0.032
1.16E-03,4.4,0.024
1.17E-03,4.56,0.032
1.17E-03,4.48,0.032
1.17E-03,4.56,0.032
1.17E-03,4.56,0.024
1.17E-03,4.64,0.032
1.18E-03,4.64,0.024
1.18E-03,4.64,0.032
1.18E-03,4.72,0.032
1.18E-03,4.72,0.024
1.18E-03,4.72,0.024
1.19E-03,4.8,0.024
1.19E-03,4.8,0.032
1.19E-03,4.8,0.024
1.19E-03,4.8,0.024
1.19E-03,4.88,0.024
1.20E-03,4.88,0.024
1.20E-03,4.88,0.024
1.20E-03,4.88,0.024
1.20E-03,4.88,0.024
1.20E-03,4.96,0.016
1.21E-03,4.96,0.032
1.21E-03,4.96,0.024
1.21E-03,4.96,0.024
1.21E-03,5.04,0.016
1.21E-03,5.04,0.024
1.22E-03,5.04,0.024
1.22E-03,5.04,0.024
1.22E-03,5.04,0.016
1.22E-03,5.12,0.016
1.22E-03,5.12,0.024
1.23E-03,5.12,0.016
1.23E-03,5.04,0.016
1.23E-03,5.04,0.016
1.23E-03,5.12,0.008
1.23E-03,5.12,0.016
1.24E-03,5.12,0.016
1.24E-03,5.12,0.016
1.24E-03,5.2,0.016
1.24E-03,5.12,0.016
1.24E-03,5.12,0.016
1.25E-03,5.12,0.016
1.25E-03,5.12,0.024
1.25E-03,5.12,0.016
1.25E-03,5.12,0.016
1.25E-03,5.12,0.008
1.26E-03,5.12,0.024
1.26E-03,5.04,0.016
1.26E-03,5.12,0.016
1.26E-03,5.2,0.016
1.26E-03,5.12,0.016
1.27E-03,5.12,0.008
1.27E-03,5.12,0.008
1.27E-03,5.12,0.016
1.27E-03,5.04,0.016
1.27E-03,5.04,0.016
1.28E-03,5.04,0.016
1.28E-03,5.04,0.008
1.28E-03,5.04,0.016
1.28E-03,5.04,0.008
1.28E-03,4.96,0.008
1.29E-03,5.04,0.008
1.29E-03,4.96,0.008
1.29E-03,4.96,0.008
1.29E-03,4.88,0.008
1.29E-03,4.96,0
1.30E-03,4.88,0.008
1.30E-03,4.88,0.008
1.30E-03,4.8,0.008
1.30E-03,4.88,0
1.30E-03,4.8,0
1.31E-03,4.8,0
1.31E-03,4.8,0.008
1.31E-03,4.72,0.008
1.31E-03,4.72,0
1.31E-03,4.64,0
1.32E-03,4.72,0
1.32E-03,4.64,0.008
1.32E-03,4.64,0
1.32E-03,4.64,0
1.32E-03,4.56,0
1.33E-03,4.56,0
1.33E-03,4.48,0
1.33E-03,4.48,0
1.33E-03,4.4,0.008
1.33E-03,4.4,0
1.34E-03,4.4,0
1.34E-03,4.32,0.008
1.34E-03,4.32,0
1.34E-03,4.32,0
1.34E-03,4.32,0
1.35E-03,4.16,0
1.35E-03,4.16,0
1.35E-03,4.16,0
1.35E-03,4.08,-0.008
1.35E-03,4.08,-0.008
1.36E-03,4,0
1.36E-03,4,-0.016
1.36E-03,3.92,-0.008
1.36E-03,3.92,-0.008
1.36E-03,3.84,-0.008
1.37E-03,3.84,0
1.37E-03,3.84,-0.008
1.37E-03,3.68,-0.008
1.37E-03,3.68,-0.008
1.37E-03,3.68,-0.008
1.38E-03,3.6,-0.008
1.38E-03,3.52,-0.008
1.38E-03,3.52,-0.008
1.38E-03,3.44,-0.008
1.38E-03,3.44,-0.008
1.39E-03,3.36,-0.016
1.39E-03,3.28,-0.016
1.39E-03,3.28,-0.016
1.39E-03,3.2,-0.008
1.39E-03,3.12,-0.008
1.40E-03,3.12,-0.008
1.40E-03,3.04,-0.016
1.40E-03,3.04,-0.008
1.40E-03,3.04,-0.008
1.40E-03,2.88,-0.008
1.41E-03,2.88,-0.016
1.41E-03,2.8,-0.016
1.41E-03,2.72,-0.008
1.41E-03,2.72,-0.008
1.41E-03,2.64,-0.016
1.42E-03,2.64,-0.008
1.42E-03,2.56,-0.008
1.42E-03,2.48,-0.008
1.42E-03,2.48,-0.016
1.42E-03,2.4,-0.016
1.43E-03,2.32,-0.008
1.43E-03,2.32,-0.016
1.43E-03,2.24,-0.016
1.43E-03,2.24,-0.008
1.43E-03,2.16,-0.008
1.44E-03,2.08,-0.016
1.44E-03,2,-0.016
1.44E-03,1.92,-0.016
1.44E-03,1.84,-0.016
1.44E-03,1.84,-0.016
1.45E-03,1.76,-0.016
1.45E-03,1.68,-0.016
1.45E-03,1.6,-0.008
1.45E-03,1.52,-0.016
1.45E-03,1.52,-0.016
1.46E-03,1.44,-0.016
1.46E-03,1.44,-0.016
1.46E-03,1.36,-0.016
1.46E-03,1.28,-0.016
1.46E-03,1.2,-0.016
1.47E-03,1.12,-0.016
1.47E-03,1.12,-0.016
1.47E-03,1.04,-0.016
1.47E-03,1.04,-0.024
1.47E-03,0.88,-0.016
1.48E-03,0.8,-0.016
1.48E-03,0.72,-0.024
1.48E-03,0.72,-0.024
1.48E-03,0.64,-0.024
1.48E-03,0.64,-0.024
1.49E-03,0.56,-0.016
1.49E-03,0.48,-0.024
1.49E-03,0.4,-0.032
1.49E-03,0.4,-0.04
1.49E-03,0.24,-0.056
1.50E-03,0.24,-0.088
1.50E-03,0.08,-0.12
1.50E-03,0.08,-0.16
1.50E-03,0.08,-0.208
1.50E-03,0,-0.264
1.51E-03,-0.08,-0.304
1.51E-03,-0.16,-0.352
1.51E-03,-0.16,-0.408
1.51E-03,-0.24,-0.472
1.51E-03,-0.32,-0.512
1.52E-03,-0.4,-0.544
1.52E-03,-0.48,-0.568
1.52E-03,-0.56,-0.584
1.52E-03,-0.56,-0.576
1.52E-03,-0.64,-0.512
1.53E-03,-0.72,-0.304
1.53E-03,-0.72,-0.152
1.53E-03,-0.8,-0.072
1.53E-03,-0.8,-0.04
1.53E-03,-0.96,-0.024
1.54E-03,-0.96,-0.016
1.54E-03,-1.04,-0.024
1.54E-03,-1.04,-0.016
1.54E-03,-1.2,-0.016
1.54E-03,-1.28,-0.016
1.55E-03,-1.28,-0.016
1.55E-03,-1.36,-0.024
1.55E-03,-1.44,-0.016
1.55E-03,-1.44,-0.016
1.55E-03,-1.52,-0.008
1.56E-03,-1.6,-0.016
1.56E-03,-1.68,-0.016
1.56E-03,-1.68,-0.016
1.56E-03,-1.76,-0.008
1.56E-03,-1.84,-0.016
1.57E-03,-1.92,-0.016
1.57E-03,-2,-0.016
1.57E-03,-2,-0.016
1.57E-03,-2.08,-0.008
1.57E-03,-2.08,-0.008
1.58E-03,-2.16,-0.016
1.58E-03,-2.24,-0.008
1.58E-03,-2.32,-0.008
1.58E-03,-2.32,-0.016
1.58E-03,-2.4,-0.016
1.59E-03,-2.48,-0.008
1.59E-03,-2.48,-0.008
1.59E-03,-2.56,-0.008
1.59E-03,-2.64,-0.016
1.59E-03,-2.64,-0.008
1.60E-03,-2.72,0
1.60E-03,-2.72,-0.008
1.60E-03,-2.8,-0.008
1.60E-03,-2.8,0
1.60E-03,-2.88,-0.008
1.61E-03,-2.96,-0.008
1.61E-03,-3.04,0
1.61E-03,-2.96,-0.008
1.61E-03,-3.12,-0.008
1.61E-03,-3.12,-0.008
1.62E-03,-3.2,-0.008
1.62E-03,-3.2,-0.008
1.62E-03,-3.28,0
1.62E-03,-3.28,-0.008
1.62E-03,-3.44,-0.016
1.63E-03,-3.36,0
1.63E-03,-3.44,-0.008
1.63E-03,-3.44,-0.008
1.63E-03,-3.52,-0.008
1.63E-03,-3.52,0
1.64E-03,-3.6,0
1.64E-03,-3.6,-0.008
1.64E-03,-3.76,-0.008
1.64E-03,-3.68,0
1.64E-03,-3.76,0
1.65E-03,-3.84,0
1.65E-03,-3.84,-0.008
1.65E-03,-3.84,0
1.65E-03,-3.92,-0.008
1.65E-03,-3.92,0
1.66E-03,-4,0
1.66E-03,-4,0.008
1.66E-03,-4.08,0
1.66E-03,-4.08,0
1.66E-03,-4.08,0.008
1.67E-03,-4.16,0
1.67E-03,-4.24,0.008
1.67E-03,-4.24,0
1.67E-03,-4.32,0
1.67E-03,-4.24,0.008
1.68E-03,-4.32,0.008
1.68E-03,-4.32,0
1.68E-03,-4.32,0.008
1.68E-03,-4.32,0.008
1.68E-03,-4.4,0.008
1.69E-03,-4.48,0.008
1.69E-03,-4.48,0.008
1.69E-03,-4.48,0
1.69E-03,-4.48,0.008
1.69E-03,-4.56,0.008
1.70E-03,-4.48,0.008
1.70E-03,-4.56,0.008
1.70E-03,-4.56,0.008
1.70E-03,-4.56,0.008
1.70E-03,-4.64,0.008
1.71E-03,-4.64,0.008
1.71E-03,-4.64,0.016
1.71E-03,-4.64,0.016
1.71E-03,-4.64,0.008
1.71E-03,-4.72,0.016
1.72E-03,-4.64,0.008
1.72E-03,-4.72,0.016
1.72E-03,-4.72,0.008
1.72E-03,-4.72,0.008
1.72E-03,-4.72,0.008
1.73E-03,-4.8,0.008
1.73E-03,-4.72,0.016
1.73E-03,-4.72,0.008
1.73E-03,-4.72,0.016
1.73E-03,-4.72,0.016
1.74E-03,-4.8,0.016
1.74E-03,-4.8,0.016
1.74E-03,-4.8,0.016
1.74E-03,-4.8,0.016
1.74E-03,-4.72,0.016
1.75E-03,-4.72,0.008
1.75E-03,-4.8,0.016
1.75E-03,-4.72,0.024
1.75E-03,-4.8,0.024
1.75E-03,-4.72,0.016
1.76E-03,-4.72,0.016
1.76E-03,-4.8,0.024
1.76E-03,-4.72,0.024
1.76E-03,-4.8,0.024
1.76E-03,-4.8,0.016
1.77E-03,-4.72,0.024
1.77E-03,-4.72,0.024
1.77E-03,-4.72,0.024
1.77E-03,-4.72,0.024
1.77E-03,-4.72,0.024
1.78E-03,-4.72,0.024
1.78E-03,-4.72,0.024
1.78E-03,-4.72,0.016
1.78E-03,-4.64,0.024
1.78E-03,-4.64,0.024
1.79E-03,-4.64,0.024
1.79E-03,-4.64,0.024
1.79E-03,-4.56,0.024
1.79E-03,-4.56,0.032
1.79E-03,-4.56,0.032
1.80E-03,-4.56,0.024
1.80E-03,-4.48,0.032
1.80E-03,-4.56,0.024
1.80E-03,-4.48,0.032
1.80E-03,-4.48,0.024
1.81E-03,-4.48,0.032
1.81E-03,-4.48,0.032
1.81E-03,-4.4,0.032
1.81E-03,-4.32,0.024
1.81E-03,-4.4,0.024
1.82E-03,-4.32,0.032
1.82E-03,-4.32,0.032
1.82E-03,-4.32,0.032
1.82E-03,-4.24,0.032
1.82E-03,-4.24,0.032
1.83E-03,-4.16,0.032
1.83E-03,-4.16,0.032
1.83E-03,-4.16,0.032
1.83E-03,-4.08,0.032
1.83E-03,-4.08,0.04
1.84E-03,-4,0.04
1.84E-03,-3.92,0.032
1.84E-03,-4,0.032
1.84E-03,-3.92,0.032
1.84E-03,-3.92,0.032
1.85E-03,-3.84,0.04
1.85E-03,-3.84,0.04
1.85E-03,-3.76,0.04
1.85E-03,-3.76,0.04
1.85E-03,-3.68,0.032
1.86E-03,-3.68,0.032
1.86E-03,-3.68,0.048
1.86E-03,-3.6,0.032
1.86E-03,-3.52,0.04
1.86E-03,-3.52,0.032
1.87E-03,-3.44,0.032
1.87E-03,-3.44,0.04
1.87E-03,-3.36,0.032
1.87E-03,-3.28,0.04
1.87E-03,-3.28,0.04
1.88E-03,-3.2,0.04
1.88E-03,-3.2,0.04
1.88E-03,-3.12,0.04
1.88E-03,-3.12,0.04
1.88E-03,-3.04,0.048
1.89E-03,-3.04,0.048
1.89E-03,-3.04,0.04
1.89E-03,-2.88,0.032
1.89E-03,-2.88,0.04
1.89E-03,-2.88,0.04
1.90E-03,-2.8,0.04
1.90E-03,-2.72,0.04
1.90E-03,-2.72,0.048
1.90E-03,-2.64,0.048
1.90E-03,-2.64,0.048
1.91E-03,-2.56,0.04
1.91E-03,-2.4,0.04
1.91E-03,-2.48,0.048
1.91E-03,-2.32,0.048
1.91E-03,-2.32,0.04
1.92E-03,-2.16,0.048
1.92E-03,-2.24,0.048
1.92E-03,-2.16,0.04
1.92E-03,-2.08,0.048
1.92E-03,-2.08,0.048
1.93E-03,-1.92,0.048
1.93E-03,-1.92,0.048
1.93E-03,-1.84,0.04
1.93E-03,-1.76,0.048
1.93E-03,-1.76,0.048
1.94E-03,-1.68,0.056
1.94E-03,-1.68,0.048
1.94E-03,-1.52,0.048
1.94E-03,-1.52,0.048
1.94E-03,-1.44,0.048
1.95E-03,-1.44,0.048
1.95E-03,-1.28,0.056
1.95E-03,-1.28,0.048
1.95E-03,-1.2,0.048
1.95E-03,-1.12,0.048
1.96E-03,-1.12,0.048
1.96E-03,-1.04,0.048
1.96E-03,-0.96,0.048
1.96E-03,-0.88,0.056
1.96E-03,-0.8,0.048
1.97E-03,-0.72,0.048
1.97E-03,-0.72,0.056
1.97E-03,-0.64,0.048
1.97E-03,-0.48,0.056
1.97E-03,-0.48,0.056
1.98E-03,-0.48,0.056
1.98E-03,-0.48,0.056
1.98E-03,-0.32,0.056
1.98E-03,-0.32,0.064
1.98E-03,-0.24,0.064
1.99E-03,-0.16,0.072
1.99E-03,-0.08,0.072
1.99E-03,-0.08,0.08
1.99E-03,-0.08,0.104
1.99E-03,0.08,0.12
2.00E-03,0.16,0.16
2.00E-03,0.16,0.2
